@id,amenity,district,source,street,type,lon,lat
node/3156233056,water_point,D8,REACH,street_11,Free_standing,36.3397622,32.2809877
node/3156233057,water_point,D8,REACH,street_11,Free_standing,36.3391788,32.2811735
node/3156233058,water_point,D8,REACH,street_11,Free_standing,36.3384021,32.2812794
node/3156233059,water_point,D8,REACH,street_11,Free_standing,36.3385846,32.2813353
node/3156233060,water_point,D8,REACH,street_11,Free_standing,36.3382896,32.2813726
node/3156236561,water_point,D8,REACH,street_11,Free_standing,36.3399788,32.2815151
node/3156236562,water_point,D8,REACH,street_11,Free_standing,36.3392939,32.2815511
node/3156236563,water_point,D8,REACH,street_11,Attached_to_WASH_centre,36.3388375,32.2816862
node/3156236564,water_point,D8,REACH,street_11,Attached_to_WASH_centre,36.3393667,32.2817031
node/3156236565,water_point,D8,REACH,street_11,Free_standing,36.3383149,32.2818208
node/3156236566,water_point,D8,REACH,street_11,Free_standing,36.3389493,32.2818539
node/3156236567,water_point,D8,REACH,street_12,Free_standing,36.3404231,32.2822343
node/3156236568,water_point,D8,REACH,street_12,Free_standing,36.3395228,32.2822369
node/3156236569,water_point,D8,REACH,street_11,Free_standing,36.3370208,32.2823539
node/3156236570,water_point,D8,REACH,street_12,Free_standing,36.3390448,32.2823539
node/3156236571,water_point,D8,REACH,street_11,Free_standing,36.3377644,32.2823878
node/3156236572,water_point,D8,REACH,street_12,Free_standing,36.3394748,32.2824779
node/3156236573,water_point,D8,REACH,street_13,Free_standing,36.3408391,32.2825472
node/3156236574,water_point,D8,REACH,street_11,Attached_to_WASH_centre,36.336712,32.2825556
node/3156236575,water_point,D8,REACH,street_11,Free_standing,36.3362857,32.2826151
node/3156236576,water_point,D8,REACH,street_12,Free_standing,36.3381668,32.2826358
node/3156236577,water_point,D8,REACH,street_13,Attached_to_WASH_centre,36.3401669,32.2827203
node/3156236578,water_point,D8,REACH,street_13,Free_standing,36.3400894,32.2828043
node/3156236579,water_point,D8,REACH,street_12,Free_standing,36.3377437,32.2828598
node/3156236580,water_point,D8,REACH,street_1,Free_standing,36.3356091,32.2828637
node/3156236581,water_point,D8,REACH,street_1,Attached_to_WASH_centre,36.335287,32.2829602
node/3156236582,water_point,D8,REACH,street_1,Free_standing,36.3353074,32.2829686
node/3156236583,water_point,D8,REACH,street_1,Free_standing,36.335321,32.2829742
node/3156236584,water_point,D8,REACH,street_13,Attached_to_WASH_centre,36.3397206,32.2829928
node/3156236585,water_point,D8,REACH,street_12,Free_standing,36.3379977,32.2830002
node/3156236586,water_point,D8,REACH,street_1,Free_standing,36.3346359,32.2830056
node/3156236587,water_point,D8,REACH,street_12,Free_standing,36.3373513,32.2831113
node/3156236588,water_point,D8,REACH,street_13,Attached_to_WASH_centre,36.3386539,32.2831164
node/3156236589,water_point,D8,REACH,street_1,Free_standing,36.3350436,32.2831434
node/3156236590,water_point,D8,REACH,street_12,Oxfam_water_storage,36.3378839,32.2831596
node/3156236591,water_point,D8,REACH,street_1,Attached_to_WASH_centre,36.334527,32.2831991
node/3156236592,water_point,D8,REACH,street_1,Free_standing,36.334813,32.2832948
node/3156236593,water_point,D8,REACH,street_12,Free_standing,36.3377816,32.2833013
node/3156236594,water_point,D8,REACH,street_1,Free_standing,36.3337381,32.2833305
node/3156236595,water_point,D8,REACH,street_2,Attached_to_WASH_centre,36.3362044,32.2833403
node/3156236596,water_point,D8,REACH,street_1,Free_standing,36.3346641,32.2834121
node/3156236597,water_point,D8,REACH,street_13,Free_standing,36.3406382,32.2834691
node/3156236598,water_point,D8,REACH,street_13,Attached_to_WASH_centre,36.3375276,32.2835173
node/3156236599,water_point,D8,REACH,street_13,Free_standing,36.3382543,32.2835596
node/3156236600,water_point,D8,REACH,street_13,Attached_to_WASH_centre,36.3390972,32.2835762
node/3156236601,water_point,D8,REACH,street_13,Free_standing,36.3379112,32.283609
node/3156236602,water_point,D8,REACH,street_13,Free_standing,36.3402049,32.2837633
node/3156236603,water_point,D8,REACH,street_13,Attached_to_WASH_centre,36.3400674,32.2839093
node/3156236604,water_point,D8,REACH,street_2,Free_standing,36.3356832,32.2839178
node/3156236605,water_point,D8,REACH,street_2,Free_standing,36.3346257,32.2839483
node/3156236606,water_point,D8,REACH,street_4,Free_standing,36.3357181,32.2840902
node/3156236607,water_point,D8,REACH,street_13,Attached_to_WASH_centre,36.3394357,32.2840954
node/3156236608,water_point,D9,REACH,street_23,Attached_to_WASH_centre,36.3320454,32.2840981
node/3156236609,water_point,D8,REACH,street_2,Free_standing,36.335487,32.2841532
node/3156236610,water_point,D8,REACH,street_13,Free_standing,36.3391922,32.2841982
node/3156236611,water_point,D8,REACH,street_13,Oxfam_water_storage,36.3389916,32.2842341
node/3156236612,water_point,D9,REACH,street_23,Free_standing,36.3328187,32.284231
node/3156236613,water_point,D9,REACH,street_23,Attached_to_WASH_centre,36.3314861,32.2842495
node/3156236614,water_point,D9,REACH,street_23,Attached_to_WASH_centre,36.3320193,32.2842496
node/3156236615,water_point,D8,REACH,street_3,Free_standing,36.3360723,32.2842968
node/3156236616,water_point,D9,REACH,street_23,Attached_to_WASH_centre,36.3311852,32.2843169
node/3156236617,water_point,D8,REACH,street_13,Free_standing,36.3406504,32.2843216
node/3156236618,water_point,D8,REACH,street_2,Free_standing,36.3349555,32.2843454
node/3156236619,water_point,D8,REACH,street_3,Free_standing,36.3347964,32.2843759
node/3156236620,water_point,D8,REACH,street_13,Attached_to_WASH_centre,36.3382839,32.2845114
node/3156236621,water_point,D8,REACH,street_6,Free_standing,36.3351841,32.2846414
node/3156236622,water_point,D8,REACH,street_13,Attached_to_WASH_centre,36.3381793,32.2846472
node/3156236623,water_point,D8,REACH,street_13,Free_standing,36.3373405,32.2847044
node/3156236624,water_point,D8,REACH,street_13,Free_standing,36.3408505,32.2847469
node/3156236625,water_point,D9,REACH,street_22,Attached_to_WASH_centre,36.3296498,32.2847616
node/3156236626,water_point,D8,REACH,street_13,Free_standing,36.3396282,32.2848365
node/3156236627,water_point,D9,REACH,street_22,Free_standing,36.328756,32.2848905
node/3156236628,water_point,D8,REACH,street_13,Free_standing,36.3386229,32.2848968
node/3156236629,water_point,D8,REACH,street_4,Free_standing,36.3353766,32.2849181
node/3156236630,water_point,D9,REACH,street_22,Free_standing,36.3292829,32.2849625
node/3156236631,water_point,D9,REACH,street_22,Attached_to_WASH_centre,36.3293822,32.2850164
node/3156236632,water_point,D8,REACH,street_4,Attached_to_WASH_centre,36.3361009,32.2850301
node/3156236633,water_point,D9,REACH,street_22,Attached_to_WASH_centre,36.3288816,32.2850419
node/3156236634,water_point,D9,REACH,street_22,Attached_to_WASH_centre,36.3285894,32.2851549
node/3156236635,water_point,D9,REACH,street_22,Free_standing,36.32808,32.2851732
node/3156236636,water_point,D8,REACH,street_13,Free_standing,36.3390932,32.2851784
node/3156236637,water_point,D8,REACH,street_13,Free_standing,36.3383825,32.2851951
node/3156236638,water_point,D8,REACH,street_13,Free_standing,36.3397936,32.2852221
node/3156236639,water_point,D8,REACH,street_4,Free_standing,36.3357137,32.2852659
node/3156236640,water_point,D8,REACH,street_13,Attached_to_WASH_centre,36.3399001,32.2853164
node/3156236641,water_point,D9,REACH,street_22,Free_standing,36.3297225,32.2854178
node/3156236642,water_point,D8,REACH,street_13,Attached_to_WASH_centre,36.3398308,32.2854784
node/3156236643,water_point,D10,REACH,street_12_-_extension_1,Free_standing,36.3269429,32.2854894
node/3156236644,water_point,D9,REACH,street_21,Attached_to_WASH_centre,36.3300031,32.285603
node/3156236645,water_point,D8,REACH,street_6,Free_standing,36.3351793,32.2856172
node/3156236646,water_point,D9,REACH,street_24,Attached_to_WASH_centre,36.3329086,32.2856369
node/3156236647,water_point,D9,REACH,street_22,Free_standing,36.3279109,32.2856393
node/3156236648,water_point,D9,REACH,street_22,Free_standing,36.3291936,32.2856578
node/3156236649,water_point,D10,REACH,street_12_-_extension_1,Attached_to_WASH_centre,36.3265606,32.2857035
node/3156236650,water_point,D8,REACH,street_13,Attached_to_WASH_centre,36.3399431,32.2857046
node/3156236651,water_point,D9,REACH,street_24,Attached_to_WASH_centre,36.3326613,32.2857501
node/3156236652,water_point,D10,REACH,street_12_-_extension_2,Free_standing,36.3268624,32.2857598
node/3156236653,water_point,D8,REACH,street_6,Free_standing,36.3361375,32.285783
node/3156236654,water_point,D8,REACH,street_13,Attached_to_WASH_centre,36.33809,32.2857853
node/3156236655,water_point,D10,REACH,street_12_-_extension_1,Attached_to_WASH_centre,36.3263697,32.2858356
node/3156236656,water_point,D9,REACH,street_22,Free_standing,36.3286068,32.2858359
node/3156236657,water_point,D8,REACH,street_5,Free_standing,36.3355677,32.285867
node/3156236658,water_point,D9,REACH,street_24,Attached_to_WASH_centre,36.3322203,32.2859191
node/3156236659,water_point,D9,REACH,street_25,Attached_to_WASH_centre,36.3330716,32.2859254
node/3156236660,water_point,D9,REACH,street_25,Attached_to_WASH_centre,36.3327836,32.2859434
node/3156236761,water_point,D10,REACH,street_12_-_extension_1,Attached_to_WASH_centre,36.3258886,32.2859681
node/3156236762,water_point,D9,REACH,street_24,Attached_to_WASH_centre,36.3319067,32.28602
node/3156236763,water_point,D8,REACH,street_5,Free_standing,36.3350363,32.2860369
node/3156236764,water_point,D10,REACH,street_12_-_extension_1,Attached_to_WASH_centre,36.3256432,32.2860413
node/3156236765,water_point,D9,REACH,street_25,Attached_to_WASH_centre,36.3322664,32.286061
node/3156236766,water_point,D8,REACH,street_13,Free_standing,36.3405818,32.2860653
node/3156236767,water_point,D9,REACH,street_25,Attached_to_WASH_centre,36.3319564,32.286091
node/3156236768,water_point,D8,REACH,street_6,Free_standing,36.3358501,32.2861661
node/3156236769,water_point,D8,REACH,street_6,Free_standing,36.3362632,32.2861721
node/3156236770,water_point,D9,REACH,street_21,Attached_to_WASH_centre,36.3301633,32.2862814
node/3156236771,water_point,D8,REACH,street_6,Attached_to_WASH_centre,36.3364898,32.2862867
node/3156236772,water_point,D8,REACH,street_13,Free_standing,36.3413228,32.2862885
node/3156236773,water_point,D10,REACH,street_1,Attached_to_WASH_centre,36.3237992,32.2862996
node/3156236774,water_point,D8,REACH,street_7,Free_standing,36.3357829,32.2863119
node/3156236775,water_point,D8,REACH,street_13,Attached_to_WASH_centre,36.3412778,32.2864393
node/3156236776,water_point,D8,REACH,street_7,Free_standing,36.3366785,32.2864552
node/3156236777,water_point,D9,REACH,street_21,Attached_to_WASH_centre,36.329678,32.2864826
node/3156236778,water_point,D10,REACH,street_11,Free_standing,36.3271249,32.2865112
node/3156236779,water_point,D8,REACH,street_13,Free_standing,36.3415533,32.2865158
node/3156236780,water_point,D8,REACH,street_6,Attached_to_WASH_centre,36.3359542,32.2865505
node/3156236781,water_point,D10,REACH,street_1,Attached_to_WASH_centre,36.3233536,32.2865938
node/3156236782,water_point,D8,REACH,street_8,Free_standing,36.3368472,32.2866327
node/3156236783,water_point,D8,REACH,street_13,Attached_to_WASH_centre,36.339424,32.2866357
node/3156236784,water_point,D10,REACH,street_1,Attached_to_WASH_centre,36.3241404,32.2866368
node/3156236785,water_point,D9,REACH,street_21,Attached_to_WASH_centre,36.3294274,32.2866588
node/3156236786,water_point,D8,REACH,street_13,Oxfam_water_storage,36.3390805,32.2866602
node/3156236787,water_point,D9,REACH,street_20,Attached_to_WASH_centre,36.3305247,32.2866645
node/3156236788,water_point,D9,REACH,street_25,Free_standing,36.3316962,32.2866802
node/3156236789,water_point,D9,REACH,street_20,Attached_to_WASH_centre,36.3302461,32.2867679
node/3156236790,water_point,D8,REACH,street_7,Free_standing,36.3361411,32.2867702
node/3156236791,water_point,D8,REACH,street_13,Free_standing,36.3386451,32.2868085
node/3156236792,water_point,D8,REACH,street_13,Attached_to_WASH_centre,36.3385834,32.2868785
node/3156236793,water_point,D10,REACH,street_11,Free_standing,36.3272373,32.28688
node/3156236794,water_point,D9,REACH,street_21,Free_standing,36.3286917,32.2868873
node/3156236795,water_point,D10,REACH,street_1,Attached_to_WASH_centre,36.3232453,32.286894
node/3156236796,water_point,D9,REACH,street_20,Free_standing,36.3304507,32.2868972
node/3156236797,water_point,D9,REACH,street_20,Attached_to_WASH_centre,36.3297511,32.2869088
node/3156236798,water_point,D9,REACH,street_20,Attached_to_WASH_centre,36.3294125,32.2869144
node/3156236799,water_point,D11,REACH,street_32,Free_standing,36.3210969,32.286918
node/3156236800,water_point,D8,REACH,street_13,Free_standing,36.3412218,32.2869682
node/3156236801,water_point,D10,REACH,street_11,Free_standing,36.3276529,32.2869751
node/3156236802,water_point,D11,REACH,street_32,Free_standing,36.3207241,32.2870498
node/3156236803,water_point,D8,REACH,street_7,Free_standing,36.3356888,32.2870929
node/3156236804,water_point,D10,REACH,street_11,Free_standing,36.3270776,32.287107
node/3156236805,water_point,D10,REACH,street_11,Free_standing,36.3263052,32.2871375
node/3156236806,water_point,D11,REACH,street_33,Free_standing,36.3206314,32.2871467
node/3156236807,water_point,D8,REACH,street_8,Attached_to_WASH_centre,36.3364689,32.2871657
node/3156236808,water_point,D9,REACH,street_26,Free_standing,36.3339141,32.2871777
node/3156236809,water_point,D8,REACH,street_13,Free_standing,36.3407583,32.2872086
node/3156236810,water_point,D9,REACH,street_26,Free_standing,36.3333926,32.2872107
node/3156236811,water_point,D8,REACH,street_13,Attached_to_WASH_centre,36.3410217,32.287237
node/3156236812,water_point,D10,REACH,street_11,Attached_to_WASH_centre,36.3273532,32.287298
node/3156236813,water_point,D10,REACH,street_11,Free_standing,36.3266375,32.2873187
node/3156236814,water_point,D11,REACH,street_33,Free_standing,36.3198579,32.2873275
node/3156236815,water_point,D10,REACH,street_11,Free_standing,36.326778,32.287346
node/3156236816,water_point,D9,REACH,street_19,Attached_to_WASH_centre,36.3303155,32.2873476
node/3156236817,water_point,D10,REACH,street_11,Free_standing,36.3262003,32.2873874
node/3156236818,water_point,D8,REACH,street_13,Free_standing,36.3406078,32.2873874
node/3156236819,water_point,D8,REACH,street_8,Attached_to_WASH_centre,36.3369915,32.2874007
node/3156236820,water_point,D8,REACH,street_9,Free_standing,36.3372941,32.2874012
node/3156236821,water_point,D10,REACH,street_11,Attached_to_WASH_centre,36.3272331,32.2874287
node/3156236822,water_point,D8,REACH,street_8,Free_standing,36.336376,32.2874288
node/3156236823,water_point,D9,REACH,street_26,Free_standing,36.3329217,32.2874336
node/3156236824,water_point,D11,REACH,street_32,Attached_to_WASH_centre,36.3212566,32.2874507
node/3156236825,water_point,D9,REACH,street_26,Free_standing,36.3325478,32.2874586
node/3156236826,water_point,D10,REACH,street_1,Free_standing,36.3224249,32.2874659
node/3156236827,water_point,D8,REACH,street_9,Free_standing,36.3369267,32.2874818
node/3156236828,water_point,D8,REACH,street_13,Free_standing,36.3409982,32.2874842
node/3156236829,water_point,D8,REACH,street_8,Free_standing,36.33612,32.2874884
node/3156236830,water_point,D9,REACH,street_26,Attached_to_WASH_centre,36.333731,32.2875194
node/3156236831,water_point,D11,REACH,street_34,Free_standing,36.3195654,32.2875389
node/3156236832,water_point,D11,REACH,street_32,Free_standing,36.3207049,32.2875518
node/3156236833,water_point,D9,REACH,street_26,Attached_to_WASH_centre,36.333595,32.2875599
node/3156236834,water_point,D11,REACH,street_32,Free_standing,36.3210552,32.2875628
node/3156236835,water_point,D10,REACH,street_1,Free_standing,36.323206,32.2876022
node/3156236836,water_point,D10,REACH,street_11,Attached_to_WASH_centre,36.3264707,32.2876186
node/3156236837,water_point,D10,REACH,street_2,Free_standing,36.3252229,32.287626
node/3156236838,water_point,D10,REACH,street_10,Attached_to_WASH_centre,36.3273984,32.2876425
node/3156236839,water_point,D8,REACH,street_13,Attached_to_WASH_centre,36.3406673,32.2876505
node/3156236840,water_point,D10,REACH,street_11,Attached_to_WASH_centre,36.3267564,32.2876678
node/3156236841,water_point,D11,REACH,street_33,Free_standing,36.3205218,32.287711
node/3156236842,water_point,D9,REACH,street_27,Free_standing,36.3344327,32.2877189
node/3156236843,water_point,D11,REACH,street_32,Attached_to_WASH_centre,36.3203963,32.2877376
node/3156236844,water_point,D9,REACH,street_27,Attached_to_WASH_centre,36.3336079,32.2877393
node/3156236845,water_point,D8,REACH,street_13,Free_standing,36.3401005,32.2877972
node/3156236846,water_point,D10,REACH,street_10,Attached_to_WASH_centre,36.327262,32.2878048
node/3156236847,water_point,D8,REACH,street_13,Free_standing,36.3409441,32.2878273
node/3156236848,water_point,D9,REACH,street_26,Attached_to_WASH_centre,36.3330341,32.2878384
node/3156236849,water_point,D8,REACH,street_13,Attached_to_WASH_centre,36.3389649,32.2878491
node/3156236850,water_point,D10,REACH,street_2,Free_standing,36.3238605,32.2878539
node/3156236851,water_point,D8,REACH,street_13,Free_standing,36.339554,32.2878576
node/3156236852,water_point,D10,REACH,street_2,Attached_to_WASH_centre,36.3245252,32.2878583
node/3156236853,water_point,D10,REACH,street_2,Free_standing,36.3245583,32.2878591
node/3156236854,water_point,D9,REACH,street_27,Attached_to_WASH_centre,36.3334877,32.2878711
node/3156236855,water_point,D11,REACH,street_34,Free_standing,36.3200787,32.2878906
node/3156236856,water_point,D11,REACH,street_31,Free_standing,36.3207727,32.28791
node/3156236857,water_point,D10,REACH,street_10,Attached_to_WASH_centre,36.326633,32.287935
node/3156236858,water_point,D9,REACH,street_27,Attached_to_WASH_centre,36.3331857,32.2879717
node/3156236859,water_point,D9,REACH,street_19,Attached_to_WASH_centre,36.3305689,32.2880001
node/3156236860,water_point,D9,REACH,street_19,Attached_to_WASH_centre,36.331093,32.2880141
node/3156236961,water_point,D10,REACH,street_10,Attached_to_WASH_centre,36.3266056,32.2880219
node/3156236962,water_point,D10,REACH,street_10_extension,Free_standing,36.3280702,32.2880548
node/3156236963,water_point,D9,REACH,street_26,Attached_to_WASH_centre,36.3328368,32.2880736
node/3156236964,water_point,D8,REACH,street_13,Free_standing,36.3387404,32.2880825
node/3156236965,water_point,D9,REACH,street_27,Attached_to_WASH_centre,36.3329972,32.288091
node/3156236966,water_point,D10,REACH,street_2_extension,Free_standing,36.3233352,32.2881
node/3156236967,water_point,D7,REACH,street_extension,Free_standing,36.3414512,32.2881038
node/3156236968,water_point,D8,REACH,street_10,Free_standing,36.3370526,32.2881356
node/3156236969,water_point,D8,REACH,street_10,Free_standing,36.3376474,32.2881547
node/3156236970,water_point,D9,REACH,street_18,Attached_to_WASH_centre,36.3309584,32.2881576
node/3156236971,water_point,D11,REACH,street_25,Free_standing,36.3218185,32.2881582
node/3156236972,water_point,D11,REACH,street_31,Free_standing,36.3209536,32.2881723
node/3156236973,water_point,D9,REACH,street_27,Free_standing,36.3318989,32.2881878
node/3156236974,water_point,D9,REACH,street_27,Free_standing,36.333774,32.2881994
node/3156236975,water_point,D9,REACH,street_18,Free_standing,36.3319228,32.2882092
node/3156236976,water_point,D8,REACH,street_10,Attached_to_WASH_centre,36.3370352,32.2882096
node/3156236977,water_point,D11,REACH,street_29,Attached_to_WASH_centre,36.3187381,32.2882673
node/3156236978,water_point,D8,REACH,street_10,Free_standing,36.336714,32.288281
node/3156236979,water_point,D11,REACH,street_29,Free_standing,36.3180995,32.2883211
node/3156236980,water_point,D9,REACH,street_27,Free_standing,36.3332763,32.2883309
node/3156236981,water_point,D10,REACH,street_10,Free_standing,36.3273918,32.2883476
node/3156236982,water_point,D10,REACH,street_2,Attached_to_WASH_centre,36.324329,32.2883742
node/3156236983,water_point,D10,REACH,street_3,Attached_to_WASH_centre,36.3253442,32.2883887
node/3156236984,water_point,D8,REACH,street_10,Attached_to_WASH_centre,36.3366899,32.2883942
node/3156236985,water_point,D11,REACH,street_29,Attached_to_WASH_centre,36.3184853,32.2884033
node/3156236986,water_point,D10,REACH,street_2,Attached_to_WASH_centre,36.3248789,32.2884089
node/3156236987,water_point,D9,REACH,street_27,Free_standing,36.3334946,32.2884152
node/3156236988,water_point,D10,REACH,street_3,Attached_to_WASH_centre,36.3240331,32.2884212
node/3156236989,water_point,D10,REACH,street_9_extension,Free_standing,36.3278258,32.2884484
node/3156236990,water_point,D7,REACH,street_extension,Free_standing,36.3413473,32.2884729
node/3156236991,water_point,D8,REACH,street_10,Free_standing,36.3363669,32.2884821
node/3156236992,water_point,D10,REACH,street_10,Free_standing,36.3264137,32.2885048
node/3156236993,water_point,D9,REACH,street_18,Attached_to_WASH_centre,36.3313334,32.288508
node/3156236994,water_point,D11,REACH,street_29,Attached_to_WASH_centre,36.3180302,32.2885214
node/3156236995,water_point,D11,REACH,street_25,Free_standing,36.3225058,32.288527
node/3156236996,water_point,D11,REACH,street_31,Free_standing,36.3204767,32.2885283
node/3156236997,water_point,D10,REACH,street_2,Attached_to_WASH_centre,36.3239229,32.2885386
node/3156236998,water_point,D10,REACH,street_2_extension,Free_standing,36.3234392,32.2885483
node/3156236999,water_point,D7,REACH,street_extension,Attached_to_WASH_centre,36.3417298,32.2885535
node/3156237000,water_point,D8,REACH,street_10,Free_standing,36.3377595,32.2885545
node/3156237001,water_point,D10,REACH,street_3,Attached_to_WASH_centre,36.3247749,32.2885706
node/3156237002,water_point,D8,REACH,street_10,Free_standing,36.3373434,32.2885804
node/3156237003,water_point,D10,REACH,street_10,Free_standing,36.3270364,32.2885931
node/3156237004,water_point,D11,REACH,street_29,Attached_to_WASH_centre,36.3178048,32.2885972
node/3156237005,water_point,D9,REACH,street_19,Attached_to_WASH_centre,36.3302539,32.2886051
node/3156237006,water_point,D9,REACH,street_28,Free_standing,36.3351396,32.2886709
node/3156237007,water_point,D7,REACH,street_extension,Attached_to_WASH_centre,36.3413223,32.288711
node/3156237008,water_point,D11,REACH,street_29,Free_standing,36.3173639,32.2887116
node/3156237009,water_point,D10,REACH,street_3,Attached_to_WASH_centre,36.3244787,32.2887152
node/3156237010,water_point,D9,REACH,street_28,Free_standing,36.3347582,32.2887851
node/3156237011,water_point,D10,REACH,street_9,Free_standing,36.3278917,32.2887978
node/3156237012,water_point,D7,REACH,street_2,Free_standing,36.3399892,32.2888163
node/3156237013,water_point,D11,REACH,street_26,Attached_to_WASH_centre,36.3213253,32.2888205
node/3156237014,water_point,D9,REACH,street_27,Free_standing,36.3330358,32.2888273
node/3156237015,water_point,D9,REACH,street_18,Attached_to_WASH_centre,36.3306132,32.2888392
node/3156237016,water_point,D9,REACH,street_28,Free_standing,36.3339816,32.288869
node/3156237017,water_point,D7,REACH,street_2,Free_standing,36.3397291,32.2888703
node/3156237018,water_point,D10,REACH,street_9,Free_standing,36.3273121,32.2888713
node/3156237019,water_point,D7,REACH,street_2,Attached_to_WASH_centre,36.3404968,32.2888866
node/3156237020,water_point,D9,REACH,street_18,Attached_to_WASH_centre,36.330384,32.2889265
node/3156237021,water_point,D10,REACH,street_9,Attached_to_WASH_centre,36.32801,32.288972
node/3156237022,water_point,D11,REACH,street_26,Free_standing,36.3206219,32.2889739
node/3156237023,water_point,D10,REACH,street_9,Free_standing,36.3270494,32.2889819
node/3156237024,water_point,D10,REACH,street_9,Attached_to_WASH_centre,36.328094,32.2890069
node/3156237025,water_point,D7,REACH,street_4,Free_standing,36.3406918,32.2890294
node/3156237026,water_point,D9,REACH,street_28,Free_standing,36.3332576,32.2890501
node/3156237027,water_point,D11,REACH,street_29,Free_standing,36.3187345,32.2890911
node/3156237028,water_point,D11,REACH,street_26,Attached_to_WASH_centre,36.3220707,32.2891156
node/3156237029,water_point,D10,REACH,street_4,Attached_to_WASH_centre,36.3245984,32.289123
node/3156237030,water_point,D9,REACH,street_28,Free_standing,36.3331714,32.289132
node/3156237031,water_point,D9,REACH,street_28,Free_standing,36.3336987,32.2892077
node/3156237032,water_point,D7,REACH,street_2,Attached_to_WASH_centre,36.3397614,32.2892132
node/3156237033,water_point,D11,REACH,street_26,Attached_to_WASH_centre,36.3218745,32.2892432
node/3156237034,water_point,D11,REACH,street_28,Free_standing,36.3177959,32.2892693
node/3156237035,water_point,D7,REACH,street_extension,Free_standing,36.3417293,32.2892772
node/3156237036,water_point,D7,REACH,street_2,Free_standing,36.3394639,32.2893189
node/3156237037,water_point,D7,REACH,street_extension,Free_standing,36.3415295,32.2893238
node/3156237038,water_point,D9,REACH,street_28_extension,Free_standing,36.3353507,32.28935
node/3156237039,water_point,D11,REACH,street_23,Attached_to_WASH_centre,36.322095,32.2893677
node/3156237040,water_point,D11,REACH,street_24,Free_standing,36.3228728,32.2894023
node/3156237041,water_point,D11,REACH,street_26,Attached_to_WASH_centre,36.3212422,32.2894077
node/3156237042,water_point,D9,REACH,street_28,Attached_to_WASH_centre,36.3336274,32.2894288
node/3156237043,water_point,D10,REACH,street_9,Attached_to_WASH_centre,36.3276926,32.289447
node/3156237044,water_point,D11,REACH,street_23,Attached_to_WASH_centre,36.3217247,32.2894479
node/3156237045,water_point,D9,REACH,street_28,Attached_to_WASH_centre,36.3345451,32.2894624
node/3156237046,water_point,D11,REACH,street_27,Attached_to_WASH_centre,36.3185822,32.2894802
node/3156237047,water_point,D10,REACH,street_8,Attached_to_WASH_centre,36.3283334,32.2894842
node/3156237048,water_point,D10,REACH,street_8,Attached_to_WASH_centre,36.3279211,32.2894984
node/3156237049,water_point,D11,REACH,street_24,Free_standing,36.3223298,32.2895048
node/3156237050,water_point,D9,REACH,street_28,Free_standing,36.3337287,32.2895188
node/3156237051,water_point,D11,REACH,street_29,Free_standing,36.3174536,32.2895332
node/3156237052,water_point,D10,REACH,street_3_extension,Free_standing,36.3240365,32.2895434
node/3156237053,water_point,D10,REACH,street_4,Free_standing,36.324966,32.2895789
node/3156237054,water_point,D9,REACH,street_17,Attached_to_WASH_centre,36.3311021,32.2895893
node/3156237055,water_point,D7,REACH,street_extension,Attached_to_WASH_centre,36.3420368,32.2896325
node/3156237056,water_point,D10,REACH,street_4,Free_standing,36.3246893,32.2896362
node/3156237057,water_point,D9,REACH,street_28,Attached_to_WASH_centre,36.3341279,32.289641
node/3156237058,water_point,D11,REACH,street_28,Attached_to_WASH_centre,36.3174562,32.2896475
node/3156237059,water_point,D10,REACH,street_9,Attached_to_WASH_centre,36.3274924,32.2896475
node/3156237060,water_point,D11,REACH,street_23,Attached_to_WASH_centre,36.3213275,32.2896626
node/3156237161,water_point,D9,REACH,street_28_extension,Free_standing,36.3346768,32.2896658
node/3156237162,water_point,D7,REACH,street_1,Free_standing,36.3385972,32.2896703
node/3156237163,water_point,D11,REACH,street_23,Attached_to_WASH_centre,36.3211069,32.2896777
node/3156237164,water_point,D11,REACH,street_29,Free_standing,36.3170181,32.2896936
node/3156237165,water_point,D9,REACH,street_28_extension,Free_standing,36.3341591,32.2896946
node/3156237166,water_point,D11,REACH,street_23,Free_standing,36.322348,32.2897133
node/3156237167,water_point,D9,REACH,street_18,Free_standing,36.3300506,32.2897207
node/3156237168,water_point,D10,REACH,street_8,Attached_to_WASH_centre,36.3277033,32.28973
node/3156237169,water_point,D9,REACH,street_28,Attached_to_WASH_centre,36.3332758,32.289766
node/3156237170,water_point,D11,REACH,street_24,Free_standing,36.3231038,32.2897795
node/3156237171,water_point,D11,REACH,street_28,Attached_to_WASH_centre,36.3170644,32.2897879
node/3156237172,water_point,D10,REACH,street_8,Attached_to_WASH_centre,36.3274093,32.2897977
node/3156237173,water_point,D7,REACH,street_extension,Free_standing,36.3414624,32.2898325
node/3156237174,water_point,D11,REACH,street_29,Free_standing,36.3165955,32.2898409
node/3156237175,water_point,D7,REACH,street_extension,Attached_to_WASH_centre,36.3418501,32.2898513
node/3156237176,water_point,D7,REACH,street_6,Free_standing,36.3399698,32.2898739
node/3156237177,water_point,D10,REACH,street_8,Free_standing,36.328697,32.2899064
node/3156237178,water_point,D11,REACH,street_27,Attached_to_WASH_centre,36.3195353,32.289919
node/3156237179,water_point,D7,REACH,street_6,Attached_to_WASH_centre,36.3407944,32.2899535
node/3156237180,water_point,D10,REACH,street_8,Free_standing,36.3278907,32.2899565
node/3156237181,water_point,D7,REACH,street_1,Attached_to_WASH_centre,36.3373348,32.2899714
node/3156237182,water_point,D7,REACH,street_6,Free_standing,36.3397878,32.289984
node/3156237183,water_point,D9,REACH,street_28_extension,Free_standing,36.3334167,32.2900133
node/3156237184,water_point,D7,REACH,street_extension,Free_standing,36.3419558,32.2900276
node/3156237185,water_point,D7,REACH,street_6,Free_standing,36.3401627,32.2900728
node/3156237186,water_point,D11,REACH,street_16,Free_standing,36.3218398,32.29008
node/3156237187,water_point,D11,REACH,street_27,Attached_to_WASH_centre,36.3192903,32.2901065
node/3156237188,water_point,D7,REACH,street_3,Free_standing,36.3385601,32.2901262
node/3156237189,water_point,D7,REACH,street_1,Free_standing,36.3371355,32.2901286
node/3156237190,water_point,D9,REACH,street_17,Attached_to_WASH_centre,36.3319698,32.2901357
node/3156237191,water_point,D7,REACH,street_extension,Free_standing,36.3418138,32.2901556
node/3156237192,water_point,D7,REACH,street_extension,Free_standing,36.3424822,32.2901591
node/3156237193,water_point,D11,REACH,street_21,Attached_to_WASH_centre,36.319649,32.2901757
node/3156237194,water_point,D10,REACH,street_4,Attached_to_WASH_centre,36.3253413,32.290182
node/3156237195,water_point,D11,REACH,street_27,Attached_to_WASH_centre,36.3187682,32.2902115
node/3156237196,water_point,D10,REACH,street_5,Attached_to_WASH_centre,36.3260966,32.2902203
node/3156237197,water_point,D10,REACH,street_8,Free_standing,36.3270004,32.2902221
node/3156237198,water_point,D11,REACH,street_28,Free_standing,36.3178198,32.2902229
node/3156237199,water_point,D10,REACH,street_4,Attached_to_WASH_centre,36.3260603,32.2902241
node/3156237200,water_point,D11,REACH,street_16,Free_standing,36.3222057,32.2902463
node/3156237201,water_point,D7,REACH,street_6,Attached_to_WASH_centre,36.3401467,32.2902847
node/3156237202,water_point,D9,REACH,street_17,Attached_to_WASH_centre,36.3317791,32.2902984
node/3156237203,water_point,D7,REACH,street_6,Free_standing,36.3399004,32.290303
node/3156237204,water_point,D11,REACH,street_15,Free_standing,36.3232171,32.2903152
node/3156237205,water_point,D7,REACH,street_8,Free_standing,36.340282,32.2903447
node/3156237206,water_point,D10,REACH,street_4,Attached_to_WASH_centre,36.3252229,32.290364
node/3156237207,water_point,D10,REACH,street_5,Attached_to_WASH_centre,36.3258162,32.2903895
node/3156237208,water_point,D10,REACH,street_7_-_extension_2,Free_standing,36.3293941,32.2903923
node/3156237209,water_point,D12,REACH,street_10,Free_standing,36.3154754,32.2904188
node/3156237210,water_point,D9,REACH,street_17,Attached_to_WASH_centre,36.3309921,32.290449
node/3156237211,water_point,D11,REACH,street_21,Attached_to_WASH_centre,36.3188708,32.2904281
node/3156237212,water_point,D10,REACH,street_8,Free_standing,36.3274643,32.2904301
node/3156237213,water_point,D10,REACH,street_5,Free_standing,36.3260252,32.290444
node/3156237214,water_point,D7,REACH,street_8,Free_standing,36.340794,32.2904771
node/3156237215,water_point,D7,REACH,street_1,Free_standing,36.3374268,32.2904892
node/3156237216,water_point,D11,REACH,street_21,Attached_to_WASH_centre,36.3183567,32.2905034
node/3156237217,water_point,D11,REACH,street_28,Free_standing,36.3169718,32.2905356
node/3156237218,water_point,D7,REACH,street_5,Free_standing,36.3379975,32.2905359
node/3156237219,water_point,D7,REACH,street_extension,Attached_to_WASH_centre,36.3423911,32.2905421
node/3156237220,water_point,D7,REACH,street_3,Free_standing,36.3374969,32.2905453
node/3156237221,water_point,D10,REACH,street_5,Attached_to_WASH_centre,36.3252856,32.2905564
node/3156237222,water_point,D7,REACH,street_3,Free_standing,36.337024,32.2905864
node/3156237223,water_point,D7,REACH,street_extension,Attached_to_WASH_centre,36.3420058,32.290601
node/3156237224,water_point,D10,REACH,street_5,Free_standing,36.3254615,32.2906024
node/3156237225,water_point,D11,REACH,street_17,Free_standing,36.3215027,32.2906098
node/3156237226,water_point,D10,REACH,street_7,Free_standing,36.3273636,32.2906153
node/3156237227,water_point,D12,REACH,street_10,Free_standing,36.3151727,32.2906238
node/3156237228,water_point,D11,REACH,street_21,Free_standing,36.3193875,32.2906395
node/3156237229,water_point,D10,REACH,street_5,Free_standing,36.3263652,32.2906638
node/3156237230,water_point,D10,REACH,street_7,Free_standing,36.3283651,32.2906652
node/3156237231,water_point,D7,REACH,street_3,Free_standing,36.3374899,32.2906659
node/3156237232,water_point,D7,REACH,street_5,Free_standing,36.3390429,32.2906874
node/3156237233,water_point,D10,REACH,street_5,Attached_to_WASH_centre,36.3251967,32.2906962
node/3156237234,water_point,D10,REACH,street_5,Free_standing,36.3250634,32.2907063
node/3156237235,water_point,D11,REACH,street_15,Free_standing,36.3236523,32.2907249
node/3156237236,water_point,D7,REACH,street_3,Free_standing,36.3379823,32.2907585
node/3156237237,water_point,D7,REACH,street_extension,Free_standing,36.3420959,32.2907757
node/3156237238,water_point,D11,REACH,street_15,Free_standing,36.3234948,32.2907783
node/3156237239,water_point,D7,REACH,street_1,Attached_to_WASH_centre,36.3392798,32.2907942
node/3156237240,water_point,D11,REACH,street_19,Free_standing,36.3183294,32.2907963
node/3156237241,water_point,D6,REACH,street_29,Free_standing,36.3351298,32.2908441
node/3156237242,water_point,D12,REACH,street_10,Free_standing,36.3149783,32.2908578
node/3156237243,water_point,D7,REACH,street_7,Attached_to_WASH_centre,36.3387721,32.2908719
node/3156237244,water_point,D6,REACH,street_29,Free_standing,36.3352509,32.2908741
node/3156237245,water_point,D12,REACH,street_10,Free_standing,36.3156598,32.2908789
node/3156237246,water_point,D7,REACH,street_8,Free_standing,36.3400412,32.2909163
node/3156237247,water_point,D12,REACH,street_10,Free_standing,36.3148246,32.2909195
node/3156237248,water_point,D11,REACH,street_17,Free_standing,36.3219743,32.2909226
node/3156237249,water_point,D11,REACH,street_18,Free_standing,36.3200219,32.2909293
node/3156237250,water_point,D12,REACH,street_10,Free_standing,36.3159243,32.2909813
node/3156237251,water_point,D10,REACH,street_5,Free_standing,36.3252374,32.2909895
node/3156237252,water_point,D7,REACH,street_10,Free_standing,36.3405227,32.291016
node/3156237253,water_point,D11,REACH,street_16,Attached_to_WASH_centre,36.3226373,32.2910175
node/3156237254,water_point,D10,REACH,street_5_extension,Free_standing,36.3247616,32.2910237
node/3156237255,water_point,D6,REACH,street_29,Free_standing,36.3343192,32.2910458
node/3156237256,water_point,D6,REACH,street_29,Free_standing,36.3346276,32.291074
node/3156237257,water_point,D11,REACH,street_18,Free_standing,36.3194241,32.2910779
node/3156237258,water_point,D10,REACH,street_6,Free_standing,36.3271758,32.2910791
node/3156237259,water_point,D10,REACH,street_5,Free_standing,36.3259782,32.2910936
node/3156237260,water_point,D7,REACH,street_5,Attached_to_WASH_centre,36.3379773,32.2910958
node/3156237261,water_point,D11,REACH,street_16,Attached_to_WASH_centre,36.3228505,32.2911105
node/3156237262,water_point,D7,REACH,street_10,Free_standing,36.3410403,32.2911161
node/3156237263,water_point,D10,REACH,street_6,Free_standing,36.326469,32.291138
node/3156237264,water_point,D10,REACH,street_7,Attached_to_WASH_centre,36.328286,32.2911499
node/3156237265,water_point,D7,REACH,street_extension,Free_standing,36.3423365,32.291152
node/3156237266,water_point,D7,REACH,street_12,Attached_to_WASH_centre,36.3413619,32.2911577
node/3156237267,water_point,D10,REACH,street_7,Attached_to_WASH_centre,36.328986,32.2911587
node/3156237268,water_point,D11,REACH,street_16,Free_standing,36.3221625,32.2911635
node/3156237269,water_point,D11,REACH,street_16,Attached_to_WASH_centre,36.3222897,32.2911888
node/3156237270,water_point,D7,REACH,street_7,Free_standing,36.3390423,32.2911964
node/3156237271,water_point,D7,REACH,street_12,Free_standing,36.3405434,32.2912032
node/3156237272,water_point,D11,REACH,street_16,Attached_to_WASH_centre,36.3225039,32.291229
node/3156237273,water_point,D7,REACH,street_5,Free_standing,36.3378012,32.2912443
node/3156237274,water_point,D10,REACH,street_6,Free_standing,36.3262074,32.2912706
node/3156237275,water_point,D7,REACH,street_12,Free_standing,36.3415887,32.2912921
node/3156237276,water_point,D11,REACH,street_21,Free_standing,36.3187928,32.2912987
node/3156237277,water_point,D11,REACH,street_13,Attached_to_WASH_centre,36.3228637,32.291301
node/3156237278,water_point,D10,REACH,street_7,Attached_to_WASH_centre,36.3289671,32.2913269
node/3156237279,water_point,D7,REACH,street_7,Free_standing,36.3385529,32.2913284
node/3156237280,water_point,D11,REACH,street_13,Attached_to_WASH_centre,36.3226452,32.291333
node/3156237281,water_point,D12,REACH,street_9,Attached_to_WASH_centre,36.3156059,32.2913501
node/3156237282,water_point,D12,REACH,street_9,Attached_to_WASH_centre,36.315671,32.2913597
node/3156237283,water_point,D7,REACH,street_extension,Free_standing,36.3420292,32.2913614
node/3156237284,water_point,D7,REACH,street_12,Attached_to_WASH_centre,36.3406464,32.2913667
node/3156237285,water_point,D7,REACH,street_extension,Free_standing,36.3427616,32.2913721
node/3156237286,water_point,D10,REACH,street_7,Attached_to_WASH_centre,36.3280828,32.2913942
node/3156237287,water_point,D7,REACH,street_7,Free_standing,36.3379274,32.291424
node/3156237288,water_point,D12,REACH,street_8,Free_standing,36.3162804,32.2915021
node/3156237289,water_point,D11,REACH,street_21,Free_standing,36.3176483,32.2915024
node/3156237290,water_point,D11,REACH,street_14,Free_standing,36.3236657,32.2915378
node/3156237291,water_point,D11,REACH,street_13,Attached_to_WASH_centre,36.3222681,32.291548
node/3156237292,water_point,D11,REACH,street_21,Free_standing,36.3183815,32.2915714
node/3156237293,water_point,D7,REACH,street_9,Free_standing,36.3382937,32.2915741
node/3156237294,water_point,D12,REACH,street_8,Free_standing,36.3159355,32.29158
node/3156237295,water_point,D11,REACH,street_13,Attached_to_WASH_centre,36.322037,32.2915972
node/3156237296,water_point,D7,REACH,street_12,Oxfam_water_storage,36.3402179,32.2916287
node/3156237297,water_point,D10,REACH,street_6,Attached_to_WASH_centre,36.3259265,32.2916298
node/3156237298,water_point,D7,REACH,street_14,Free_standing,36.3414738,32.2916361
node/3156237299,water_point,D11,REACH,street_13,Free_standing,36.322568,32.2916494
node/3156237300,water_point,D11,REACH,street_10,Free_standing,36.3186419,32.2916531
node/3156237301,water_point,D11,REACH,street_18,Free_standing,36.3188198,32.2916923
node/3156237302,water_point,D12,REACH,street_8,Free_standing,36.3158462,32.2916924
node/3156237303,water_point,D7,REACH,street_9,Free_standing,36.3392832,32.291695
node/3156237304,water_point,D10,REACH,street_6,Free_standing,36.3266377,32.2917196
node/3156237305,water_point,D7,REACH,street_extension,Free_standing,36.3428231,32.2917211
node/3156237306,water_point,D7,REACH,street_16,Attached_to_WASH_centre,36.3414125,32.2917263
node/3156237307,water_point,D12,REACH,street_9,Free_standing,36.3146602,32.2917265
node/3156237308,water_point,D7,REACH,street_14,Free_standing,36.3409759,32.2917356
node/3156237309,water_point,D10,REACH,street_6,Free_standing,36.3256847,32.2917513
node/3156237310,water_point,D12,REACH,street_8,Attached_to_WASH_centre,36.3150319,32.2917601
node/3156237311,water_point,D10,REACH,street_6_-1_extension,Free_standing,36.3253638,32.2918013
node/3156237312,water_point,D7,REACH,street_extension,Attached_to_WASH_centre,36.3426214,32.2918033
node/3156237313,water_point,D10,REACH,street_6_-_extension_2,Free_standing,36.3259196,32.2918135
node/3156237314,water_point,D7,REACH,street_11,Attached_to_WASH_centre,36.3391877,32.2918141
node/3156237315,water_point,D11,REACH,street_14,Attached_to_WASH_centre,36.3240227,32.2918143
node/3156237316,water_point,D7,REACH,street_extension,Attached_to_WASH_centre,36.343088,32.2918267
node/3156237317,water_point,D12,REACH,street_8,Attached_to_WASH_centre,36.3147562,32.2918825
node/3156237318,water_point,D11,REACH,street_13,Free_standing,36.3228695,32.2918855
node/3156237319,water_point,D11,REACH,street_18,Attached_to_WASH_centre,36.320379,32.2918868
node/3156237320,water_point,D7,REACH,street_9,Free_standing,36.3390257,32.2918892
node/3156237321,water_point,D7,REACH,street_11,Free_standing,36.3394707,32.2919315
node/3156237322,water_point,D11,REACH,street_14,Attached_to_WASH_centre,36.3240836,32.2919388
node/3156237323,water_point,D11,REACH,street_13,Free_standing,36.3231727,32.2919561
node/3156237324,water_point,D11,REACH,street_18,Attached_to_WASH_centre,36.3199324,32.2920144
node/3156237325,water_point,D7,REACH,street_14,Free_standing,36.3416414,32.2920343
node/3156237326,water_point,D12,REACH,street_7,Free_standing,36.3165284,32.2920445
node/3156237327,water_point,D12,REACH,street_8,Free_standing,36.3162453,32.2920519
node/3156237328,water_point,D10,REACH,street_6,Attached_to_WASH_centre,36.3266638,32.2920811
node/3156237329,water_point,D7,REACH,street_11,Free_standing,36.3388508,32.2920885
node/3156237330,water_point,D10,REACH,street_6,Attached_to_WASH_centre,36.3263731,32.2920997
node/3156237331,water_point,D10,REACH,street_6_-_extension_2,Free_standing,36.3268849,32.2921098
node/3156237332,water_point,D11,REACH,street_18,Free_standing,36.3195859,32.2921434
node/3156237333,water_point,D11,REACH,street_18,Attached_to_WASH_centre,36.3195859,32.2921434
node/3156237334,water_point,D11,REACH,street_18,Attached_to_WASH_centre,36.3206701,32.2921459
node/3156237335,water_point,D7,REACH,street_extension,Free_standing,36.3428266,32.2921587
node/3156237336,water_point,D11,REACH,street_11,Attached_to_WASH_centre,36.3200534,32.2921981
node/3156237337,water_point,D12,REACH,street_7,Free_standing,36.3145599,32.2922002
node/3156237338,water_point,D7,REACH,street_11,Attached_to_WASH_centre,36.3385888,32.2922125
node/3156237339,water_point,D7,REACH,street_16,Attached_to_WASH_centre,36.3417037,32.2922357
node/3156237340,water_point,D10,REACH,street_6,Attached_to_WASH_centre,36.3259599,32.2922417
node/3156237341,water_point,D7,REACH,street_9,Free_standing,36.3381409,32.2922463
node/3156237342,water_point,D12,REACH,street_7,Free_standing,36.3159676,32.2922637
node/3156237343,water_point,D11,REACH,street_18,Attached_to_WASH_centre,36.3191421,32.2922812
node/3156237344,water_point,D11,REACH,street_11,Attached_to_WASH_centre,36.3197231,32.2923218
node/3156237345,water_point,D10,REACH,street_6_-_extension_2,Free_standing,36.3259383,32.292336
node/3156237346,water_point,D11,REACH,street_11,Attached_to_WASH_centre,36.3194945,32.2923428
node/3156237347,water_point,D7,REACH,street_16,Free_standing,36.3416293,32.292374
node/3156237348,water_point,D11,REACH,street_5,Free_standing,36.3237136,32.2923947
node/3156237349,water_point,D7,REACH,street_extension,Free_standing,36.3430403,32.2924089
node/3156237350,water_point,D7,REACH,street_9,Free_standing,36.3377369,32.2924142
node/3156237351,water_point,D7,REACH,street_16,Free_standing,36.3411066,32.2924155
node/3156237352,water_point,D10,REACH,street_6_-_extension_2,Free_standing,36.3267058,32.292425
node/3156237353,water_point,D7,REACH,street_11,Free_standing,36.3379343,32.2924605
node/3156237354,water_point,D12,REACH,street_6,Free_standing,36.3147495,32.2924631
node/3156237355,water_point,D10,REACH,street_6_-_extension_2,Free_standing,36.3259952,32.292489
node/3156237356,water_point,D11,REACH,street_6,Free_standing,36.3229084,32.2924939
node/3156237357,water_point,D12,REACH,street_6,Free_standing,36.3164399,32.2925179
node/3156237358,water_point,D12,REACH,street_7,Attached_to_WASH_centre,36.3165595,32.2925233
node/3156237359,water_point,D11,REACH,street_11,Free_standing,36.320575,32.2925432
node/3156237360,water_point,D12,REACH,street_7,Free_standing,36.317069,32.2925458
node/3156237361,water_point,D7,REACH,street_14,Free_standing,36.3409414,32.292593
node/3156237362,water_point,D11,REACH,street_11,Free_standing,36.3204348,32.2925964
node/3156237363,water_point,D12,REACH,street_7,Free_standing,36.3140034,32.292606
node/3156237364,water_point,D7,REACH,street_11,Free_standing,36.3377644,32.2926209
node/3156237365,water_point,D11,REACH,street_11,Free_standing,36.3206492,32.2926302
node/3156237366,water_point,D11,REACH,street_6,Free_standing,36.3233802,32.2926357
node/3156237367,water_point,D7,REACH,street_18,Free_standing,36.3423249,32.2926857
node/3156237368,water_point,D11,REACH,street_19,Free_standing,36.3179006,32.2927242
node/3156237369,water_point,D12,REACH,street_7,Attached_to_WASH_centre,36.3163978,32.2927306
node/3156237370,water_point,D11,REACH,street_4,Attached_to_WASH_centre,36.3236527,32.2927366
node/3156237371,water_point,D11,REACH,street_5,Free_standing,36.3240693,32.2927465
node/3156237372,water_point,D12,REACH,street_6,Attached_to_WASH_centre,36.3139804,32.2928094
node/3156237373,water_point,D12,REACH,street_6,Free_standing,36.3149449,32.2928148
node/3156237374,water_point,D7,REACH,street_extension,Free_standing,36.3429898,32.2928261
node/3156237375,water_point,D11,REACH,street_4,Attached_to_WASH_centre,36.3231249,32.2928297
node/3156237376,water_point,D7,REACH,street_16,Free_standing,36.3416893,32.2928312
node/3156237377,water_point,D12,REACH,street_6,Free_standing,36.3136725,32.2928632
node/3156237378,water_point,D12,REACH,street_6,Attached_to_WASH_centre,36.3139767,32.2928802
node/3156237379,water_point,D11,REACH,street_11,Free_standing,36.3192347,32.2928909
node/3156237380,water_point,D7,REACH,street_11,Free_standing,36.3382559,32.2928973
node/3156237381,water_point,D7,REACH,street_extension,Attached_to_WASH_centre,36.3435539,32.2929022
node/3156237382,water_point,D7,REACH,street_extension,Attached_to_WASH_centre,36.3432334,32.2929113
node/3156237383,water_point,D11,REACH,street_11,Free_standing,36.3205003,32.2929166
node/3156237384,water_point,D7,REACH,street_13,Free_standing,36.3400214,32.2929723
node/3156237385,water_point,D7,REACH,street_18,Free_standing,36.3413783,32.2929963
node/3156237386,water_point,D7,REACH,street_15,Attached_to_WASH_centre,36.3397422,32.2930037
node/3156237387,water_point,D7,REACH,street_13,Free_standing,36.3392054,32.2930286
node/3156237388,water_point,D11,REACH,street_4,Attached_to_WASH_centre,36.3234285,32.2930692
node/3156237389,water_point,D12,REACH,street_6,Free_standing,36.3169594,32.2931497
node/3156237390,water_point,D7,REACH,street_18,Free_standing,36.3409931,32.2931751
node/3156237391,water_point,D12,REACH,street_6,Free_standing,36.3162889,32.2932289
node/3156237392,water_point,D7,REACH,street_13,Free_standing,36.3390175,32.2932301
node/3156237393,water_point,D7,REACH,street_18,Free_standing,36.3425798,32.2932307
node/3156237394,water_point,D11,REACH,street_9,Free_standing,36.3188346,32.2932625
node/3156237395,water_point,D7,REACH,street_13,Attached_to_WASH_centre,36.3389608,32.2932736
node/3156237396,water_point,D11,REACH,street_4,Free_standing,36.3231452,32.2932772
node/3156237397,water_point,D7,REACH,street_20,Attached_to_WASH_centre,36.3424963,32.2932783
node/3156237398,water_point,D11,REACH,street_4,Attached_to_WASH_centre,36.322989,32.2933278
node/3156237399,water_point,D12,REACH,street_6,Free_standing,36.3151829,32.293379
node/3156237400,water_point,D7,REACH,street_18,Free_standing,36.3420416,32.2933964
node/3156237401,water_point,D11,REACH,street_4,Free_standing,36.3226466,32.2933968
node/3156237402,water_point,D12,REACH,street_5,Free_standing,36.3172734,32.2934393
node/3156237403,water_point,D7,REACH,street_13,Free_standing,36.3381409,32.29344
node/3156237404,water_point,D11,REACH,street_10,Attached_to_WASH_centre,36.3188743,32.2934503
node/3156237405,water_point,D12,REACH,street_6,Free_standing,36.3143051,32.293455
node/3156237406,water_point,D12,REACH,street_5_extension,Free_standing,36.3155174,32.2934657
node/3156237407,water_point,D11,REACH,street_4,Free_standing,36.3219096,32.2934888
node/3156237408,water_point,D11,REACH,street_10,Free_standing,36.3187496,32.2934977
node/3156237409,water_point,D11,REACH,street_10,Attached_to_WASH_centre,36.3187496,32.2934977
node/3156237410,water_point,D12,REACH,street_6,Free_standing,36.3129308,32.2935336
node/3156237411,water_point,D11,REACH,street_10,Free_standing,36.3193207,32.2935341
node/3156237412,water_point,D7,REACH,street_extension,Free_standing,36.3432116,32.2935679
node/3156237413,water_point,D12,REACH,street_5_extension,Free_standing,36.3153905,32.2935695
node/3156237414,water_point,D7,REACH,street_20,Attached_to_WASH_centre,36.341644,32.2935759
node/3156237415,water_point,D11,REACH,street_9,Free_standing,36.318687,32.2935885
node/3156237416,water_point,D7,REACH,street_17,Free_standing,36.3396492,32.2936105
node/3156237417,water_point,D7,REACH,street_17,Free_standing,36.3402312,32.2936131
node/3156237418,water_point,D12,REACH,street_5,Free_standing,36.3156254,32.2937289
node/3156237419,water_point,D11,REACH,street_8,Attached_to_WASH_centre,36.3208173,32.2937515
node/3156237420,water_point,D7,REACH,street_20,Free_standing,36.3426427,32.2937576
node/3156237421,water_point,D11,REACH,street_3,Free_standing,36.3214361,32.2937618
node/3156237422,water_point,D12,REACH,street_4,Free_standing,36.3175615,32.2937847
node/3156237423,water_point,D11,REACH,street_8,Attached_to_WASH_centre,36.3207629,32.2938323
node/3156237424,water_point,D11,REACH,street_8,Attached_to_WASH_centre,36.3194336,32.2938631
node/3156237425,water_point,D7,REACH,street_17,Free_standing,36.3405247,32.2938655
node/3156237426,water_point,D7,REACH,street_20,Free_standing,36.3420979,32.2939068
node/3156237427,water_point,D11,REACH,street_4,Free_standing,36.3224556,32.2939434
node/3156237428,water_point,D7,REACH,street_15,Free_standing,36.3387234,32.2939463
node/3156237429,water_point,D12,REACH,street_4,Attached_to_WASH_centre,36.3148752,32.2939859
node/3156237430,water_point,D11,REACH,street_3,Free_standing,36.3205396,32.2939911
node/3156237431,water_point,D12,REACH,street_4,Free_standing,36.314015,32.2940245
node/3156237432,water_point,D12,REACH,street_4,Attached_to_WASH_centre,36.314432,32.294026
node/3156237433,water_point,D12,REACH,street_4,Free_standing,36.3162009,32.2940604
node/3156237434,water_point,D12,REACH,street_4,Free_standing,36.3149333,32.2940732
node/3156237435,water_point,D7,REACH,street_17,Free_standing,36.3396208,32.294087
node/3156237436,water_point,D12,REACH,street_4,Free_standing,36.3131641,32.2940928
node/3156237437,water_point,D7,REACH,street_20,Free_standing,36.3412959,32.2941109
node/3156237438,water_point,D7,REACH,street_extension,Free_standing,36.3436277,32.2941399
node/3156237439,water_point,D7,REACH,street_17,Free_standing,36.3396529,32.2941416
node/3156237440,water_point,D11,REACH,street_8,Attached_to_WASH_centre,36.3201165,32.2941497
node/3156237441,water_point,D7,REACH,street_19,Attached_to_WASH_centre,36.3403872,32.2941701
node/3156237442,water_point,D11,REACH,street_9,Free_standing,36.3193307,32.2941746
node/3156237443,water_point,D7,REACH,street_22,Free_standing,36.3417748,32.2942111
node/3156237444,water_point,D11,REACH,street_2,Free_standing,36.3200962,32.2942196
node/3156237445,water_point,D12,REACH,street_4,Free_standing,36.3162622,32.294244
node/3156237446,water_point,D7,REACH,street_22,Free_standing,36.3426998,32.2942598
node/3156237447,water_point,D12,REACH,street_4,Free_standing,36.3134923,32.2942794
node/3156237448,water_point,D12,REACH,street_3,Free_standing,36.3173074,32.2942805
node/3156237449,water_point,D7,REACH,street_17,Free_standing,36.3387872,32.2942968
node/3156237450,water_point,D7,REACH,street_24,Attached_to_WASH_centre,36.3424573,32.2943133
node/3156237451,water_point,D7,REACH,street_19,Free_standing,36.3409916,32.294318
node/3156237452,water_point,D11,REACH,street_3,Free_standing,36.3214275,32.2943268
node/3156237453,water_point,D6,REACH,street_36,Oxfam_water_storage,36.334351,32.2943345
node/3156237454,water_point,D7,REACH,street_19,Attached_to_WASH_centre,36.3394101,32.2944024
node/3156237455,water_point,D7,REACH,street_19,Free_standing,36.3404285,32.2944352
node/3156237456,water_point,D12,REACH,street_4,Free_standing,36.3139143,32.2944403
node/3156237457,water_point,D7,REACH,street_22,Free_standing,36.3415015,32.2944673
node/3156237458,water_point,D12,REACH,street_4,Free_standing,36.3155758,32.2944746
node/3156237459,water_point,D12,REACH,street_4,Free_standing,36.3135871,32.294475
node/3156237460,water_point,D11,REACH,street_1,Free_standing,36.3192523,32.2944867
node/3156237461,water_point,D5,REACH,street_24,Free_standing,36.3300112,32.2944961
node/3156237462,water_point,D5,REACH,street_24,Free_standing,36.3293432,32.2945152
node/3156237463,water_point,D12,REACH,street_4,Free_standing,36.3150808,32.294544
node/3156237464,water_point,D4,REACH,street_15_B,Free_standing,36.3247766,32.2945483
node/3156237465,water_point,D7,REACH,street_19,Free_standing,36.340232,32.2945554
node/3156237466,water_point,D7,REACH,street_14,Free_standing,36.3420077,32.2945706
node/3156237467,water_point,D7,REACH,street_19,Free_standing,36.3388898,32.2946429
node/3156237468,water_point,D12,REACH,street_3,Attached_to_WASH_centre,36.3164262,32.2946458
node/3156237469,water_point,D12,REACH,street_3,Attached_to_WASH_centre,36.3166016,32.294669
node/3156237470,water_point,D7,REACH,street_24,Free_standing,36.3418581,32.2946786
node/3156237471,water_point,D7,REACH,street_19,Free_standing,36.3397311,32.2947489
node/3156237472,water_point,D5,REACH,street_23,Attached_to_WASH_centre,36.3304717,32.294765
node/3156237473,water_point,D12,REACH,street_4,Free_standing,36.3155354,32.2947775
node/3156237474,water_point,D12,REACH,street_3,Free_standing,36.3159412,32.2947913
node/3156237475,water_point,D5,REACH,street_24,Free_standing,36.3282811,32.2948127
node/3156237476,water_point,D12,REACH,street_3_extension,Free_standing,36.3134506,32.2948149
node/3156237477,water_point,D4,REACH,street_15_B,Free_standing,36.3242143,32.2948447
node/3156237478,water_point,D4,REACH,street_15_B,Free_standing,36.3238325,32.2948596
node/3156237479,water_point,D7,REACH,street_19,Free_standing,36.3386846,32.2948666
node/3156237480,water_point,D4,REACH,street_12_B,Free_standing,36.3254949,32.2948978
node/3156237481,water_point,D7,REACH,street_24,Free_standing,36.3427301,32.2949264
node/3156237482,water_point,D4,REACH,street_12_B,Free_standing,36.3258566,32.2949343
node/3156237483,water_point,D7,REACH,street_19,Free_standing,36.3393473,32.2949465
node/3156237484,water_point,D4,REACH,street_15_B,Free_standing,36.3238301,32.2950099
node/3156237485,water_point,D5,REACH,street_23,Attached_to_WASH_centre,36.3297646,32.2950146
node/3156237486,water_point,D5,REACH,street_23,Free_standing,36.3311571,32.2950229
node/3156237487,water_point,D7,REACH,street_24,Free_standing,36.3420713,32.295024
node/3156237488,water_point,D7,REACH,street_24,Attached_to_WASH_centre,36.3405203,32.2950906
node/3156237489,water_point,D5,REACH,street_24,Free_standing,36.3278402,32.2951231
node/3156237490,water_point,D5,REACH,street_24,Free_standing,36.3276544,32.2951397
node/3156237491,water_point,D12,REACH,street_3_extension,Free_standing,36.3131417,32.2952039
node/3156237492,water_point,D7,REACH,street_21,Free_standing,36.3401566,32.2952155
node/3156237493,water_point,D4,REACH,street_12_B,Free_standing,36.3258407,32.2952204
node/3156237494,water_point,D12,REACH,street_3,Free_standing,36.3137963,32.295221
node/3156237495,water_point,D4,REACH,street_16,Attached_to_WASH_centre,36.323168,32.2952775
node/3156237496,water_point,D5,REACH,street_23,Free_standing,36.3300934,32.2952812
node/3156237497,water_point,D12,REACH,street_2,Free_standing,36.316713,32.2952815
node/3156237498,water_point,D7,REACH,street_24,Free_standing,36.3403581,32.2952851
node/3156237499,water_point,D12,REACH,street_3,Free_standing,36.3156802,32.295311
node/3156237500,water_point,D4,REACH,street_12_B,Attached_to_WASH_centre,36.3248864,32.2953414
node/3156237501,water_point,D12,REACH,street_3_extension,Free_standing,36.3125939,32.2953664
node/3156237502,water_point,D4,REACH,street_13_B,Free_standing,36.3247227,32.2953868
node/3156237503,water_point,D12,REACH,street_2_extension,Free_standing,36.3146924,32.2953955
node/3156237504,water_point,D4,REACH,street_13_B,Attached_to_WASH_centre,36.3243702,32.2954307
node/3156237505,water_point,D7,REACH,street_21,Free_standing,36.3389991,32.2954421
node/3156237506,water_point,D7,REACH,street_24,Attached_to_WASH_centre,36.3398817,32.2954523
node/3156237507,water_point,D12,REACH,street_3_extension,Free_standing,36.3120566,32.2954551
node/3156237508,water_point,D4,REACH,street_13_B,Free_standing,36.3241515,32.2954791
node/3156237509,water_point,D7,REACH,street_23,Free_standing,36.3393651,32.2954812
node/3156237510,water_point,D7,REACH,street_23,Free_standing,36.34099,32.295499
node/3156237511,water_point,D4,REACH,street_14_B,Free_standing,36.3238903,32.2955115
node/3156237512,water_point,D12,REACH,street_3_extension,Free_standing,36.3120549,32.2955248
node/3156237513,water_point,D5,REACH,street_22,Attached_to_WASH_centre,36.3282989,32.2956069
node/3156237514,water_point,D5,REACH,street_23,Free_standing,36.3295912,32.2956164
node/3156237515,water_point,D4,REACH,street_13_B,Free_standing,36.3238133,32.2956275
node/3156237516,water_point,D7,REACH,street_23,Free_standing,36.3392567,32.2956474
node/3156237517,water_point,D5,REACH,street_21,Attached_to_WASH_centre,36.3311332,32.2956532
node/3156237518,water_point,D5,REACH,street_23,Free_standing,36.3302536,32.2956586
node/3156237519,water_point,D4,REACH,street_16,Attached_to_WASH_centre,36.3221157,32.2956687
node/3156237520,water_point,D5,REACH,street_22,Free_standing,36.3279738,32.2957029
node/3156237521,water_point,D5,REACH,street_22,Attached_to_WASH_centre,36.3276785,32.2957134
node/3156237522,water_point,D4,REACH,street_12_B,Free_standing,36.3264848,32.2957793
node/3156237523,water_point,D4,REACH,street_13_B,Free_standing,36.3244993,32.2958153
node/3156237524,water_point,D4,REACH,street_14,Attached_to_WASH_centre,36.3228739,32.2958272
node/3156237525,water_point,D5,REACH,street_23,Free_standing,36.3291845,32.2958377
node/3156237526,water_point,D5,REACH,street_22,Free_standing,36.3282747,32.2958574
node/3156237527,water_point,D7,REACH,street_24,Free_standing,36.3396017,32.2958785
node/3156237528,water_point,D12,REACH,street_1_extension,Attached_to_WASH_centre,36.3129704,32.2959413
node/3156237529,water_point,D4,REACH,street_17,Attached_to_WASH_centre,36.3210989,32.2959568
node/3156237530,water_point,D7,REACH,street_23,Free_standing,36.3405335,32.2959651
node/3156237531,water_point,D12,REACH,street_1_extension,Free_standing,36.312232,32.2959921
node/3156237532,water_point,D12,REACH,street_1,Free_standing,36.3142957,32.2959966
node/3156237533,water_point,D4,REACH,street_13_B,Free_standing,36.3250525,32.2959981
node/3156237534,water_point,D4,REACH,street_12_B,Free_standing,36.3259366,32.2960577
node/3156237535,water_point,D4,REACH,street_13_B,Free_standing,36.3246685,32.2956636
node/3156237536,water_point,D5,REACH,street_21,Free_standing,36.3310212,32.296064
node/3156237537,water_point,D7,REACH,street_24,Free_standing,36.3399814,32.2960889
node/3156237538,water_point,D4,REACH,street_9_B,Free_standing,36.3257043,32.2960984
node/3156237539,water_point,D5,REACH,street_21,Attached_to_WASH_centre,36.3302585,32.2961089
node/3156237540,water_point,D4,REACH,street_14,Free_standing,36.3227999,32.296123
node/3156237541,water_point,D4,REACH,street_14,Attached_to_WASH_centre,36.3219505,32.2961471
node/3156237542,water_point,D12,REACH,street_1_extension,Attached_to_WASH_centre,36.3129203,32.2961877
node/3156237543,water_point,D4,REACH,street_13,Attached_to_WASH_centre,36.3235697,32.2961995
node/3156237544,water_point,D5,REACH,street_22,Free_standing,36.3279945,32.2962001
node/3156237545,water_point,D5,REACH,street_22,Free_standing,36.328816,32.2962124
node/3156237546,water_point,D2,REACH,street_1_extension,Free_standing,36.3141405,32.2962759
node/3156237547,water_point,D5,REACH,street_22,Free_standing,36.3274811,32.2962924
node/3156237548,water_point,D7,REACH,street_23,Free_standing,36.3393251,32.296328
node/3156237549,water_point,D4,REACH,street_10_B,Attached_to_WASH_centre,36.3256031,32.2963355
node/3156237550,water_point,D4,REACH,street_15_extension,Attached_to_WASH_centre,36.3207675,32.2964243
node/3156237551,water_point,D4,REACH,street_9_B,Free_standing,36.3258412,32.2964313
node/3156237552,water_point,D4,REACH,street_10_B,Attached_to_WASH_centre,36.3251424,32.2964366
node/3156237553,water_point,D4,REACH,street_13,Attached_to_WASH_centre,36.3226807,32.2964617
node/3156237554,water_point,D5,REACH,street_22,Free_standing,36.3284766,32.296473
node/3156237555,water_point,D5,REACH,street_21,Free_standing,36.330675,32.2965011
node/3156237556,water_point,D5,REACH,street_21,Free_standing,36.3311755,32.2965384
node/3156237557,water_point,D5,REACH,street_19,Attached_to_WASH_centre,36.3313939,32.2965813
node/3156237558,water_point,D2,REACH,street_2,Free_standing,36.3164222,32.2966096
node/3156237559,water_point,D5,REACH,street_21,Free_standing,36.3302506,32.2966258
node/3156237560,water_point,D2,REACH,street_2,Free_standing,36.3173018,32.2966284
node/3156237561,water_point,D4,REACH,street_9_B,Free_standing,36.3260159,32.2966558
node/3156237562,water_point,D4,REACH,street_13_B,Free_standing,36.3244741,32.2966627
node/3156237563,water_point,D5,REACH,street_22,Free_standing,36.3276009,32.2966681
node/3156237564,water_point,D5,REACH,street_22,Attached_to_WASH_centre,36.3285608,32.2966875
node/3156237565,water_point,D4,REACH,street_11_B,Free_standing,36.3249884,32.2966888
node/3156237566,water_point,D5,REACH,street_21,Free_standing,36.3303549,32.2967051
node/3156237567,water_point,D2,REACH,street_2,Free_standing,36.3158832,32.2967072
node/3156237568,water_point,D2,REACH,street_2,Free_standing,36.3186655,32.2967263
node/3156237569,water_point,D4,REACH,street_13,Attached_to_WASH_centre,36.3231849,32.2967775
node/3156237570,water_point,D2,REACH,street_2_extension,Free_standing,36.3144986,32.2968512
node/3156237571,water_point,D4,REACH,street_10_B,Free_standing,36.3254934,32.2968936
node/3156237572,water_point,D5,REACH,street_19,Attached_to_WASH_centre,36.3311773,32.2969055
node/3156237573,water_point,D5,REACH,street_22,Attached_to_WASH_centre,36.3281158,32.2969124
node/3156237574,water_point,D4,REACH,street_9_B,Free_standing,36.326628,32.29692
node/3156237575,water_point,D5,REACH,street_22,Free_standing,36.3290186,32.2969583
node/3156237576,water_point,D4,REACH,street_11_B,Free_standing,36.325614,32.2969775
node/3156237577,water_point,D4,REACH,street_11,Attached_to_WASH_centre,36.3238945,32.2969964
node/3156237578,water_point,D2,REACH,street_3,Free_standing,36.3175712,32.2970389
node/3156237579,water_point,D2,REACH,street_3,Free_standing,36.317072,32.297076
node/3156237580,water_point,D2,REACH,street_2_extension,Free_standing,36.3140653,32.2970896
node/3156237581,water_point,D4,REACH,street_13,Attached_to_WASH_centre,36.3223743,32.2970958
node/3156237582,water_point,D2,REACH,street_2_extension,Free_standing,36.3128185,32.2970988
node/3156237583,water_point,D2,REACH,street_2,Attached_to_WASH_centre,36.3151653,32.2971027
node/3156237584,water_point,D5,REACH,street_22,Free_standing,36.3290425,32.2971387
node/3156237585,water_point,D5,REACH,street_19,Free_standing,36.3306222,32.2971441
node/3156237586,water_point,D5,REACH,street_22,Free_standing,36.3280136,32.2971806
node/3156237587,water_point,D5,REACH,street_19,Free_standing,36.3322524,32.297182
node/3156237588,water_point,D2,REACH,street_3,Free_standing,36.3167181,32.2972957
node/3156237589,water_point,D6,REACH,street_41,Free_standing,36.3354071,32.2973154
node/3156237590,water_point,D4,REACH,street_9_B,Free_standing,36.326404,32.2973254
node/3156237591,water_point,D4,REACH,street_11,Attached_to_WASH_centre,36.3229736,32.2973413
node/3156237592,water_point,D2,REACH,street_3_extension,Free_standing,36.3148085,32.2973449
node/3156237593,water_point,D2,REACH,street_3_extension,Free_standing,36.3136049,32.2973591
node/3156237594,water_point,D5,REACH,street_22,Free_standing,36.3283943,32.2973605
node/3156237595,water_point,D4,REACH,street_10_B,Free_standing,36.325754,32.2973776
node/3156237596,water_point,D3,REACH,street_7_B,Free_standing,36.326461,32.2973973
node/3156237597,water_point,D2,REACH,street_3,Free_standing,36.3183101,32.2974227
node/3156237598,water_point,D2,REACH,street_3,Free_standing,36.3188261,32.2974629
node/3156237599,water_point,D4,REACH,street_11,Attached_to_WASH_centre,36.323706,32.2974782
node/3156237600,water_point,D6,REACH,street_41,Free_standing,36.334633,32.2974889
node/3156237601,water_point,D3,REACH,street_7_B,Free_standing,36.3260919,32.2974948
node/3156237602,water_point,D3,REACH,street_8_B,Attached_to_WASH_centre,36.3259184,32.2975046
node/3156237603,water_point,D2,REACH,street_4,Free_standing,36.3162218,32.2975246
node/3156237604,water_point,D2,REACH,street_4,Free_standing,36.3171065,32.2975495
node/3156237605,water_point,D4,REACH,street_15_extension,Attached_to_WASH_centre,36.3219793,32.2975696
node/3156237606,water_point,D3,REACH,street_8_B,Free_standing,36.3268352,32.2975721
node/3156237607,water_point,D2,REACH,street_3_extension,Free_standing,36.3137928,32.2975761
node/3156237608,water_point,D5,REACH,street_22,Free_standing,36.327985,32.2975811
node/3156237609,water_point,D5,REACH,street_22,Free_standing,36.3279479,32.2975931
node/3156237610,water_point,D2,REACH,street_4,Free_standing,36.316922,32.2976363
node/3156237611,water_point,D5,REACH,street_20,Attached_to_WASH_centre,36.3293577,32.2976684
node/3156237612,water_point,D2,REACH,street_4,Attached_to_WASH_centre,36.3167438,32.2976889
node/3156237613,water_point,D4,REACH,street_15,Attached_to_WASH_centre,36.3218691,32.2976917
node/3156237614,water_point,D5,REACH,street_19,Free_standing,36.331181,32.2977053
node/3156237615,water_point,D2,REACH,street_3_extension,Free_standing,36.3130329,32.2977208
node/3156237616,water_point,D6,REACH,street_41,Free_standing,36.3353496,32.2977257
node/3156237617,water_point,D4,REACH,street_11,Free_standing,36.3230846,32.2977887
node/3156237618,water_point,D2,REACH,street_4_extension,Attached_to_WASH_centre,36.3146474,32.2977892
node/3156237619,water_point,D3,REACH,street_8_B,Free_standing,36.3258769,32.297853
node/3156237620,water_point,D3,REACH,street_8_B,Free_standing,36.3258578,32.2979084
node/3156237621,water_point,D5,REACH,street_20,Attached_to_WASH_centre,36.3286276,32.2979232
node/3156237622,water_point,D4,REACH,street_11,Attached_to_WASH_centre,36.322645,32.2979284
node/3156237623,water_point,D2,REACH,street_4,Free_standing,36.3181279,32.2979318
node/3156237624,water_point,D5,REACH,street_19,Free_standing,36.3305727,32.2979514
node/3156237625,water_point,D3,REACH,street_7_B,Free_standing,36.3262554,32.2979886
node/3156237626,water_point,D5,REACH,street_18,Free_standing,36.3322045,32.2980061
node/3156237627,water_point,D6,REACH,street_41,Attached_to_WASH_centre,36.3348369,32.2980427
node/3156237628,water_point,D2,REACH,street_4_extension,Free_standing,36.3153627,32.2980547
node/3156237629,water_point,D3,REACH,street_11_B,Free_standing,36.3252144,32.2980564
node/3156237630,water_point,D5,REACH,street_18,Attached_to_WASH_centre,36.3316381,32.298099
node/3156237631,water_point,D5,REACH,street_20,Free_standing,36.3279203,32.2980991
node/3156237632,water_point,D2,REACH,street_4,Free_standing,36.3165553,32.2981159
node/3156237633,water_point,D3,REACH,street_6_B,Attached_to_WASH_centre,36.3263443,32.2981465
node/3156237634,water_point,D2,REACH,street_6,Free_standing,36.3174493,32.2981753
node/3156237635,water_point,D2,REACH,street_22_extension,Free_standing,36.3133073,32.2981798
node/3156237636,water_point,D3,REACH,street_9,Free_standing,36.3236928,32.2981843
node/3156237637,water_point,D5,REACH,street_18,Attached_to_WASH_centre,36.3319462,32.2981982
node/3156237638,water_point,D3,REACH,street_9,Free_standing,36.3231445,32.2981987
node/3156237639,water_point,D5,REACH,street_20,Free_standing,36.3293521,32.2982228
node/3156237640,water_point,D2,REACH,street_5_extension,Free_standing,36.3153464,32.2982418
node/3156237641,water_point,D5,REACH,street_18,Attached_to_WASH_centre,36.3312564,32.2982477
node/3156237642,water_point,D4,REACH,street_15,Attached_to_WASH_centre,36.3223371,32.2982863
node/3156237643,water_point,D3,REACH,street_8,Free_standing,36.3247144,32.2982887
node/3156237644,water_point,D5,REACH,street_20,Free_standing,36.3292435,32.298292
node/3156237645,water_point,D5,REACH,street_18,Free_standing,36.330977,32.298314
node/3156237646,water_point,D2,REACH,street_5_extension,Attached_to_WASH_centre,36.3151703,32.2983241
node/3156237647,water_point,D3,REACH,street_7_B,Free_standing,36.3262438,32.2983927
node/3156237648,water_point,D3,REACH,street_8_B,Free_standing,36.3257944,32.2988605
node/3156237649,water_point,D2,REACH,street_6,Free_standing,36.3185912,32.2984095
node/3156237650,water_point,D3,REACH,street_9,Free_standing,36.3226747,32.2985327
node/3156237651,water_point,D5,REACH,street_20,Free_standing,36.3286089,32.2985461
node/3156237652,water_point,D2,REACH,street_6,Free_standing,36.3190911,32.2985837
node/3156237653,water_point,D3,REACH,street_6_B,Attached_to_WASH_centre,36.3265439,32.298588
node/3156237654,water_point,D5,REACH,street_16,Free_standing,36.332366,32.2986091
node/3156237655,water_point,D5,REACH,street_17,Free_standing,36.3300488,32.29861
node/3156237656,water_point,D3,REACH,street_8,Free_standing,36.3246603,32.2986624
node/3156237657,water_point,D5,REACH,street_20,Free_standing,36.3297555,32.29867
node/3156237658,water_point,D2,REACH,street_7,Free_standing,36.3179177,32.2987059
node/3156237659,water_point,D5,REACH,street_20,Attached_to_WASH_centre,36.3296941,32.2987065
node/3156237660,water_point,D6,REACH,street_41,Free_standing,36.3340965,32.2987119
node/3156237861,water_point,D2,REACH,street_7,Attached_to_WASH_centre,36.3189481,32.2988176
node/3156237862,water_point,D2,REACH,street_8_extension,Free_standing,36.3151962,32.298874
node/3156237863,water_point,D3,REACH,street_7,Attached_to_WASH_centre,36.3239193,32.2988889
node/3156237864,water_point,D5,REACH,street_20,Free_standing,36.3278055,32.2988974
node/3156237865,water_point,D5,REACH,street_18,Free_standing,36.3308053,32.2989019
node/3156237866,water_point,D2,REACH,street_7,Attached_to_WASH_centre,36.3168717,32.2989199
node/3156237867,water_point,D3,REACH,street_8,Free_standing,36.3243976,32.2989383
node/3156237868,water_point,D3,REACH,street_8,Free_standing,36.3240727,32.298939
node/3156237869,water_point,D5,REACH,street_20,Attached_to_WASH_centre,36.3289387,32.298955
node/3156237870,water_point,D3,REACH,street_7,Free_standing,36.3245582,32.2989629
node/3156237871,water_point,D3,REACH,street_7,Free_standing,36.3232594,32.2990048
node/3156237872,water_point,D3,REACH,street_6_B,Free_standing,36.3269532,32.2990061
node/3156237873,water_point,D5,REACH,street_17,Free_standing,36.3309773,32.2990446
node/3156237874,water_point,D5,REACH,street_18,Attached_to_WASH_centre,36.3317071,32.2990915
node/3156237875,water_point,D2,REACH,street_8_extension,Free_standing,36.3151353,32.2991169
node/3156237876,water_point,D2,REACH,street_8_extension,Free_standing,36.3165406,32.2991292
node/3156237877,water_point,D2,REACH,street_7_extension,Free_standing,36.3160071,32.2991495
node/3156237878,water_point,D3,REACH,street_2_B,Free_standing,36.3277176,32.2991658
node/3156237879,water_point,D3,REACH,street_7_extension,Attached_to_WASH_centre,36.3225151,32.299203
node/3156237880,water_point,D3,REACH,street_7,Attached_to_WASH_centre,36.324384,32.2992047
node/3156237881,water_point,D3,REACH,street_2_B,Free_standing,36.3271065,32.2992499
node/3156237882,water_point,D3,REACH,street_7,Free_standing,36.3240719,32.2992989
node/3156237883,water_point,D3,REACH,street_7,Free_standing,36.3233569,32.2993123
node/3156237884,water_point,D2,REACH,street_23_extension,Attached_to_WASH_centre,36.3145145,32.2993369
node/3156237885,water_point,D5,REACH,street_16,Free_standing,36.3319869,32.2993379
node/3156237886,water_point,D3,REACH,street_7,Free_standing,36.3237594,32.2993412
node/3156237887,water_point,D3,REACH,street_7_extension,Free_standing,36.3223707,32.2993482
node/3156237888,water_point,D5,REACH,street_17,Free_standing,36.3284181,32.2993851
node/3156237889,water_point,D2,REACH,street_9_extension,Free_standing,36.3167462,32.2994069
node/3156237890,water_point,D3,REACH,street_6,Free_standing,36.3248784,32.2994109
node/3156237891,water_point,D3,REACH,street_7,Attached_to_WASH_centre,36.3235517,32.2994243
node/3156237892,water_point,D2,REACH,street_9_extension,Free_standing,36.3160711,32.2994283
node/3156237893,water_point,D3,REACH,street_4_B,Attached_to_WASH_centre,36.3261259,32.2994615
node/3156237894,water_point,D3,REACH,street_7_extension,Free_standing,36.3218923,32.2994843
node/3156237895,water_point,D5,REACH,street_17,Attached_to_WASH_centre,36.3301697,32.2994937
node/3156237896,water_point,D2,REACH,street_23_extension,Free_standing,36.3141362,32.2995065
node/3156237897,water_point,D2,REACH,street_8_extension,Free_standing,36.3156341,32.2995313
node/3156237898,water_point,D3,REACH,street_7,Free_standing,36.3231052,32.2995439
node/3156237899,water_point,D3,REACH,street_2_B,Attached_to_WASH_centre,36.3265172,32.2995455
node/3156237900,water_point,D3,REACH,street_6,Free_standing,36.3242584,32.2996028
node/3156237901,water_point,D5,REACH,street_16,Free_standing,36.3310563,32.2996678
node/3156237902,water_point,D3,REACH,street_6,Attached_to_WASH_centre,36.3250896,32.2996762
node/3156237903,water_point,D3,REACH,street_2_B,Attached_to_WASH_centre,36.3269868,32.2997497
node/3156237904,water_point,D3,REACH,street_7_extension,Free_standing,36.3222007,32.2997684
node/3156237905,water_point,D3,REACH,street_7_extension,Attached_to_WASH_centre,36.322492,32.2997803
node/3156237906,water_point,D2,REACH,street_9_extension,Free_standing,36.3153051,32.2997824
node/3156237907,water_point,D2,REACH,street_9_extension,Free_standing,36.3161051,32.2997852
node/3156237908,water_point,D5,REACH,street_16,Free_standing,36.330819,32.2998116
node/3156237909,water_point,D2,REACH,street_23_extension,Free_standing,36.314564,32.299829
node/3156237910,water_point,D3,REACH,street_6,Attached_to_WASH_centre,36.3236163,32.2998301
node/3156237911,water_point,D2,REACH,street_23_extension,Attached_to_WASH_centre,36.3143393,32.2998352
node/3156237912,water_point,D5,REACH,street_17,Free_standing,36.3282868,32.2998701
node/3156237913,water_point,D5,REACH,street_17,Free_standing,36.3286975,32.299885
node/3156237914,water_point,D5,REACH,street_17,Attached_to_WASH_centre,36.3293495,32.2999185
node/3156237915,water_point,D2,REACH,street_23_extension,Free_standing,36.3144918,32.2999226
node/3156237916,water_point,D3,REACH,street_5,Free_standing,36.3250077,32.2999536
node/3156237917,water_point,D2,REACH,street_9_extension,Free_standing,36.3172051,32.299982
node/3156237918,water_point,D3,REACH,street_6,Attached_to_WASH_centre,36.3225354,32.3000291
node/3156237919,water_point,D3,REACH,street_5,Free_standing,36.3247278,32.3000344
node/3156237920,water_point,D1,REACH,street_11,Free_standing,36.3198126,32.3000389
node/3156237921,water_point,D3,REACH,street_7_extension,Free_standing,36.3217609,32.3001702
node/3156237922,water_point,D2,REACH,street_9_extension,Free_standing,36.3162088,32.3002245
node/3156237923,water_point,D3,REACH,street_5,Free_standing,36.3241429,32.3002337
node/3156237924,water_point,D1,REACH,street_10_extension,Free_standing,36.3174719,32.3002669
node/3156237925,water_point,D1,REACH,street_10_extension,Free_standing,36.3176638,32.3002844
node/3156237926,water_point,D3,REACH,street_7_extension,Free_standing,36.3213258,32.3003024
node/3156237927,water_point,D3,REACH,street_2_B,Attached_to_WASH_centre,36.3262665,32.3003158
node/3156237928,water_point,D3,REACH,street_5,Attached_to_WASH_centre,36.3238555,32.3003178
node/3156237929,water_point,D1,REACH,street_10_extension,Attached_to_WASH_centre,36.3174233,32.3003212
node/3156237930,water_point,D3,REACH,street_5,Free_standing,36.3236368,32.3003307
node/3156237931,water_point,D3,REACH,street_7_extension,Free_standing,36.3213521,32.3003518
node/3156237932,water_point,D1,REACH,street_10_extension,Free_standing,36.3167652,32.300376
node/3156237933,water_point,D1,REACH,street_11,Attached_to_WASH_centre,36.3189318,32.3004252
node/3156237934,water_point,D3,REACH,street_4,Free_standing,36.3237355,32.3004708
node/3156237935,water_point,D5,REACH,street_16,Free_standing,36.3309223,32.3004772
node/3156237936,water_point,D1,REACH,street_11,Attached_to_WASH_centre,36.3186828,32.3005028
node/3156237937,water_point,D5,REACH,street_16,Free_standing,36.3307969,32.3005595
node/3156237938,water_point,D5,REACH,street_16,Free_standing,36.3297672,32.3006195
node/3156237939,water_point,D3,REACH,street_4,Attached_to_WASH_centre,36.323842,32.3006413
node/3156237940,water_point,D5,REACH,street_16,Free_standing,36.3303798,32.3006656
node/3156237941,water_point,D3,REACH,street_3,Free_standing,36.3248212,32.3007673
node/3156237942,water_point,D1,REACH,street_12_extension,Attached_to_WASH_centre,36.3172433,32.3008502
node/3156237943,water_point,D3,REACH,street_4,Free_standing,36.3232206,32.3008851
node/3156237944,water_point,D1,REACH,street_11,Free_standing,36.3166975,32.3009891
node/3156237945,water_point,D5,REACH,street_16,Free_standing,36.3290224,32.3010352
node/3156237946,water_point,D1,REACH,street_22_extension,Free_standing,36.3157727,32.3010473
node/3156237947,water_point,D3,REACH,street_3,Attached_to_WASH_centre,36.3249814,32.3010513
node/3156237948,water_point,D3,REACH,street_3,Attached_to_WASH_centre,36.3253571,32.3010602
node/3156237949,water_point,D1,REACH,street_12,Attached_to_WASH_centre,36.319457,32.3010623
node/3156237950,water_point,D1,REACH,street_22_extension,Free_standing,36.3173224,32.3010891
node/3156237951,water_point,D1,REACH,street_22_extension,Free_standing,36.3156345,32.301163
node/3156237952,water_point,D1,REACH,street_15,Free_standing,36.3206476,32.3014517
node/3156237953,water_point,D3,REACH,street_2,Free_standing,36.3256893,32.3014519
node/3156237954,water_point,D3,REACH,street_1_B,Attached_to_WASH_centre,36.3263783,32.3014527
node/3156237955,water_point,D3,REACH,street_3_extension,Free_standing,36.3221768,32.3014548
node/3156237956,water_point,D3,REACH,street_3_extension,Attached_to_WASH_centre,36.3222413,32.301456
node/3156237957,water_point,D1,REACH,street_22_extension,Attached_to_WASH_centre,36.3155147,32.3014985
node/3156237958,water_point,D3,REACH,street_3,Attached_to_WASH_centre,36.3229137,32.3015716
node/3156237959,water_point,D1,REACH,street_22_extension,Attached_to_WASH_centre,36.3155889,32.3015825
node/3156237960,water_point,D3,REACH,street_1,Attached_to_WASH_centre,36.3247608,32.3016502
node/3156238061,water_point,D3,REACH,street_3_extension,Attached_to_WASH_centre,36.3218649,32.3016535
node/3156238062,water_point,D1,REACH,street_15,Free_standing,36.3178825,32.3016659
node/3156238063,water_point,D3,REACH,street_1_B,Attached_to_WASH_centre,36.3266203,32.3017239
node/3156238064,water_point,D1,REACH,street_15,Free_standing,36.3163627,32.301837
node/3156238065,water_point,D3,REACH,street_1,Free_standing,36.3256746,32.3018522
node/3156238066,water_point,D1,REACH,street_15,Free_standing,36.3197068,32.3019325
node/3156238067,water_point,D3,REACH,street_1,Free_standing,36.3254434,32.3019419
node/3156238068,water_point,D3,REACH,street_1,Free_standing,36.3242061,32.3020705
node/3156238069,water_point,D1,REACH,street_15,Free_standing,36.3167423,32.3022578
node/3156238070,water_point,D1,REACH,street_16,Free_standing,36.3205239,32.302331
node/3156238071,water_point,D1,REACH,street_16,Free_standing,36.318437,32.3023976
node/3156238072,water_point,D1,REACH,street_22_extension,Free_standing,36.3162151,32.302539
node/3156238073,water_point,D1,REACH,street_18,Free_standing,36.3190143,32.3026699
node/3156238074,water_point,D3,REACH,street_1,Free_standing,36.3237901,32.3026865
node/3156238075,water_point,D1,REACH,street_18,Free_standing,36.3196239,32.3027726
node/3156238076,water_point,D1,REACH,street_18,Free_standing,36.3197429,32.3028006
node/3156238077,water_point,D1,REACH,street_19,Free_standing,36.3214036,32.3028664
node/3156238078,water_point,D1,REACH,street_18,Free_standing,36.3189307,32.3029214
node/3156238079,water_point,D1,REACH,street_19,Free_standing,36.3206495,32.3030016
node/3156238080,water_point,D1,REACH,street_18,Attached_to_WASH_centre,36.3186563,32.3030234
node/3156238081,water_point,D1,REACH,street_20,Free_standing,36.3216714,32.3030517
node/3156238082,water_point,D1,REACH,street_19,Free_standing,36.3204031,32.3031431
node/3156238083,water_point,D1,REACH,street_19,Free_standing,36.3193856,32.3032307
node/3156238084,water_point,D1,REACH,street_19,Free_standing,36.3192389,32.3033084
node/3156238085,water_point,D1,REACH,street_19,Free_standing,36.3200886,32.3033385
node/3156238086,water_point,D1,REACH,street_22_extension,Free_standing,36.3183498,32.3033643
node/3156238087,water_point,D1,REACH,street_18,Free_standing,36.3188268,32.3033771
node/3156238088,water_point,D1,REACH,street_21,Free_standing,36.3204843,32.3034587
node/3156238089,water_point,D1,REACH,street_20,Free_standing,36.319269,32.3035578
node/3156238090,water_point,D1,REACH,street_21,Free_standing,36.32016,32.303624
node/3156238091,water_point,D1,REACH,street_20,Free_standing,36.3183453,32.3036306
node/3156238092,water_point,D1,REACH,street_21,Free_standing,36.3193447,32.3037933